,mean_fit_time,std_fit_time,mean_score_time,std_score_time,param_model__random_state,params,split0_test_score,split1_test_score,split2_test_score,split3_test_score,split4_test_score,split5_test_score,split6_test_score,split7_test_score,split8_test_score,split9_test_score,mean_test_score,std_test_score,rank_test_score,data_frame,cv_train_size,cv_test_size,lag_time,scoring_method,features_to_use
0,0.0029387474060058594,0.0015960692119985828,0.0007859468460083008,9.6824849551542e-05,1337,{'model__random_state': 1337},0.4,0.4,0.4,0.6,0.6,0.6,0.6,0.0,0.6,0.6,0.47999999999999987,0.1833030277982336,1,finbert_summary_sentiment_df,10,5,0,accuracy,"open,prev_high,prev_low,prev_close,positive,negative,neutral"
0,0.0020958900451660155,0.00030117362566005736,0.0006870269775390625,7.631906453511281e-05,1337,{'model__random_state': 1337},0.4,0.6,0.2,0.6,0.2,0.4,0.2,0.2,0.6,0.6,0.4,0.17888543819998315,1,finbert_summary_sentiment_df,10,5,5,accuracy,"open,prev_high,prev_low,prev_close,positive,negative,neutral"
0,0.0017773628234863282,0.00020745586284589122,0.00061492919921875,5.3974385698805585e-05,1337,{'model__random_state': 1337},0.4,0.4,0.4,0.4,0.4,1.0,0.6,0.6,0.6,0.2,0.4999999999999999,0.20493901531919195,1,finbert_summary_sentiment_df,10,5,30,accuracy,"open,prev_high,prev_low,prev_close,positive,negative,neutral"
0,0.0017818689346313476,0.00016499437497924138,0.0006178855895996094,3.3916700034392e-05,1337,{'model__random_state': 1337},0.4,0.4,0.4,0.6,0.6,0.6,0.4,0.2,0.6,0.4,0.4600000000000001,0.12806248474865697,1,finbert_tone_summary_sentiment_df,10,5,0,accuracy,"open,prev_high,prev_low,prev_close,positive,negative,neutral"
0,0.0017862319946289062,0.00015517511272141994,0.000621342658996582,2.8125602241702735e-05,1337,{'model__random_state': 1337},0.4,0.6,0.4,0.4,0.6,0.4,0.2,0.2,0.6,0.4,0.42000000000000004,0.13999999999999999,1,finbert_tone_summary_sentiment_df,10,5,5,accuracy,"open,prev_high,prev_low,prev_close,positive,negative,neutral"
0,0.0017050504684448242,0.00011620117733434878,0.0005940914154052735,2.1340473975342423e-05,1337,{'model__random_state': 1337},0.4,0.4,0.4,0.6,0.6,0.4,0.8,0.2,0.6,0.6,0.4999999999999999,0.16124515496597097,1,finbert_tone_summary_sentiment_df,10,5,30,accuracy,"open,prev_high,prev_low,prev_close,positive,negative,neutral"
0,0.0018294334411621093,0.00022436966354335525,0.0006351470947265625,5.166767702000835e-05,1337,{'model__random_state': 1337},0.4,0.4,0.4,0.6,0.2,0.6,0.4,0.4,0.6,0.6,0.45999999999999996,0.12806248474865695,1,finbert_whole_article_sentiment_df,10,5,0,accuracy,"open,prev_high,prev_low,prev_close,positive,negative,neutral"
0,0.0018658638000488281,0.000244273651471354,0.0006178379058837891,3.9037822634305225e-05,1337,{'model__random_state': 1337},0.4,0.4,0.6,0.4,0.6,0.6,0.2,0.2,0.6,0.4,0.44000000000000006,0.14966629547095764,1,finbert_whole_article_sentiment_df,10,5,5,accuracy,"open,prev_high,prev_low,prev_close,positive,negative,neutral"
0,0.0017371892929077149,0.000177537560468995,0.0005916595458984375,3.2864113702633926e-05,1337,{'model__random_state': 1337},0.4,0.4,0.4,0.4,0.6,0.4,0.8,0.2,0.6,0.6,0.48,0.16,1,finbert_whole_article_sentiment_df,10,5,30,accuracy,"open,prev_high,prev_low,prev_close,positive,negative,neutral"
0,0.0017682552337646485,0.00013053795839505485,0.000625443458557129,7.391337801166397e-05,1337,{'model__random_state': 1337},0.4,0.4,0.4,0.6,0.6,0.6,0.6,0.2,0.6,0.6,0.4999999999999999,0.13416407864998736,1,finbert_tone_whole_article_sentiment_df,10,5,0,accuracy,"open,prev_high,prev_low,prev_close,positive,negative,neutral"
0,0.0018204212188720702,0.00013908274867751878,0.0006141424179077149,2.1479238163067784e-05,1337,{'model__random_state': 1337},0.4,0.6,0.6,0.6,0.6,0.6,0.2,0.2,0.6,0.4,0.4800000000000001,0.15999999999999998,1,finbert_tone_whole_article_sentiment_df,10,5,5,accuracy,"open,prev_high,prev_low,prev_close,positive,negative,neutral"
0,0.0017373323440551757,0.00012877006880362908,0.0006196022033691407,5.33033564226316e-05,1337,{'model__random_state': 1337},0.4,0.4,0.4,0.6,0.6,0.4,0.8,0.2,0.6,0.6,0.4999999999999999,0.16124515496597097,1,finbert_tone_whole_article_sentiment_df,10,5,30,accuracy,"open,prev_high,prev_low,prev_close,positive,negative,neutral"
0,0.0016723155975341796,0.00012236879966952619,0.000589442253112793,2.6894218103277403e-05,1337,{'model__random_state': 1337},0.4,0.6,0.4,0.6,0.6,0.6,0.2,0.4,0.6,0.6,0.4999999999999999,0.13416407864998736,1,bert_topic_article_sentiment_df,10,5,0,accuracy,"open,prev_high,prev_low,prev_close,positive,negative,neutral"
0,0.0016846895217895509,0.00014398569373171328,0.0005939483642578125,2.6214076693096664e-05,1337,{'model__random_state': 1337},0.4,0.2,0.4,0.4,0.6,0.4,0.2,0.2,0.6,0.4,0.38,0.13999999999999999,1,bert_topic_article_sentiment_df,10,5,5,accuracy,"open,prev_high,prev_low,prev_close,positive,negative,neutral"
0,0.0017586231231689453,0.0002144697717530685,0.0005971193313598633,2.7720658644752476e-05,1337,{'model__random_state': 1337},0.6,0.2,0.4,0.4,0.6,0.4,0.8,0.4,0.6,0.6,0.5,0.161245154965971,1,bert_topic_article_sentiment_df,10,5,30,accuracy,"open,prev_high,prev_low,prev_close,positive,negative,neutral"
0,0.001715683937072754,0.0001228967852727239,0.0005945205688476562,3.255163707154073e-05,1337,{'model__random_state': 1337},0.4,0.6,0.2,0.6,0.6,0.4,0.8,0.4,0.4,0.4,0.4800000000000001,0.16,1,finbert_summary_sentiment_df,20,5,0,accuracy,"open,prev_high,prev_low,prev_close,positive,negative,neutral"
0,0.0017192840576171875,0.00012573400203917865,0.0006037235260009765,6.069818624699753e-05,1337,{'model__random_state': 1337},0.4,0.6,0.2,0.2,0.8,0.4,0.8,0.6,0.6,0.4,0.5,0.20493901531919198,1,finbert_summary_sentiment_df,20,5,5,accuracy,"open,prev_high,prev_low,prev_close,positive,negative,neutral"
0,0.0017992496490478516,0.00013036008443841662,0.0006268501281738281,4.808835954443513e-05,1337,{'model__random_state': 1337},0.4,0.4,0.4,0.4,0.6,0.8,0.6,0.2,0.8,0.8,0.54,0.2009975124224178,1,finbert_summary_sentiment_df,20,5,30,accuracy,"open,prev_high,prev_low,prev_close,positive,negative,neutral"
0,0.0018139362335205078,0.00012097729905402418,0.0006074666976928711,2.189026651780505e-05,1337,{'model__random_state': 1337},0.4,0.6,0.6,0.4,0.6,0.4,0.6,0.4,0.0,0.4,0.44000000000000006,0.17435595774162693,1,finbert_tone_summary_sentiment_df,20,5,0,accuracy,"open,prev_high,prev_low,prev_close,positive,negative,neutral"
0,0.0017526388168334962,0.00016216496533925974,0.000612330436706543,5.007222134256842e-05,1337,{'model__random_state': 1337},0.4,0.6,0.6,0.4,0.6,0.6,0.8,0.6,0.6,0.4,0.5599999999999999,0.12,1,finbert_tone_summary_sentiment_df,20,5,5,accuracy,"open,prev_high,prev_low,prev_close,positive,negative,neutral"
0,0.001704573631286621,0.00014708924062243884,0.000592184066772461,3.6995434811744126e-05,1337,{'model__random_state': 1337},0.4,0.4,0.4,0.6,0.6,0.4,0.8,0.2,0.6,0.6,0.4999999999999999,0.16124515496597097,1,finbert_tone_summary_sentiment_df,20,5,30,accuracy,"open,prev_high,prev_low,prev_close,positive,negative,neutral"
0,0.0017357349395751953,8.18718986245039e-05,0.000593876838684082,2.221939642289113e-05,1337,{'model__random_state': 1337},0.6,0.4,0.6,0.6,0.6,0.4,0.8,0.4,0.4,0.4,0.5200000000000001,0.132664991614216,1,finbert_whole_article_sentiment_df,20,5,0,accuracy,"open,prev_high,prev_low,prev_close,positive,negative,neutral"
0,0.001730489730834961,0.00012241974750283835,0.0005936622619628906,2.2420221965585562e-05,1337,{'model__random_state': 1337},0.6,0.4,0.8,0.6,0.6,0.6,0.8,0.4,0.6,0.2,0.56,0.17435595774162696,1,finbert_whole_article_sentiment_df,20,5,5,accuracy,"open,prev_high,prev_low,prev_close,positive,negative,neutral"
0,0.0017966985702514648,0.0001308705815590712,0.000626230239868164,6.121539905407069e-05,1337,{'model__random_state': 1337},0.4,0.6,0.4,0.4,0.6,0.8,0.6,0.4,0.4,0.6,0.52,0.132664991614216,1,finbert_whole_article_sentiment_df,20,5,30,accuracy,"open,prev_high,prev_low,prev_close,positive,negative,neutral"
0,0.0017647027969360351,0.00013931991454827985,0.0005893707275390625,2.6904773426681622e-05,1337,{'model__random_state': 1337},0.6,0.6,1.0,0.8,0.6,0.6,0.8,0.0,0.4,0.4,0.5800000000000001,0.26,1,finbert_tone_whole_article_sentiment_df,20,5,0,accuracy,"open,prev_high,prev_low,prev_close,positive,negative,neutral"
0,0.001909184455871582,0.0002228042746331993,0.0006411790847778321,6.098568763089488e-05,1337,{'model__random_state': 1337},0.4,0.6,0.8,0.6,0.8,0.4,0.8,0.0,0.6,0.2,0.52,0.25612496949731395,1,finbert_tone_whole_article_sentiment_df,20,5,5,accuracy,"open,prev_high,prev_low,prev_close,positive,negative,neutral"
0,0.0017791986465454102,0.00013224867111916795,0.0006315708160400391,6.124434534672795e-05,1337,{'model__random_state': 1337},0.4,0.6,0.4,0.4,0.2,0.4,0.8,0.2,0.8,0.4,0.4600000000000001,0.2009975124224178,1,finbert_tone_whole_article_sentiment_df,20,5,30,accuracy,"open,prev_high,prev_low,prev_close,positive,negative,neutral"
0,0.0017966985702514648,0.00014146137795610278,0.0006139278411865234,5.9355118106793344e-05,1337,{'model__random_state': 1337},0.4,0.4,0.6,0.6,0.6,0.4,0.4,0.4,0.2,0.6,0.45999999999999996,0.12806248474865697,1,bert_topic_article_sentiment_df,20,5,0,accuracy,"open,prev_high,prev_low,prev_close,positive,negative,neutral"
0,0.0017778396606445313,0.00013114533770704223,0.0006152629852294922,5.092223469806998e-05,1337,{'model__random_state': 1337},0.2,0.4,0.6,0.6,0.6,0.6,0.4,0.6,0.6,0.2,0.48,0.15999999999999998,1,bert_topic_article_sentiment_df,20,5,5,accuracy,"open,prev_high,prev_low,prev_close,positive,negative,neutral"
0,0.0017868995666503907,0.00011592738052632213,0.0006031990051269531,2.470780405453981e-05,1337,{'model__random_state': 1337},0.4,0.4,0.4,0.4,0.4,0.6,0.8,0.4,0.6,0.4,0.4800000000000001,0.132664991614216,1,bert_topic_article_sentiment_df,20,5,30,accuracy,"open,prev_high,prev_low,prev_close,positive,negative,neutral"
0,0.0018507003784179687,0.00011180597005358126,0.000621962547302246,4.775162272233941e-05,1337,{'model__random_state': 1337},0.2,0.4,0.6,0.6,0.6,0.8,0.6,0.0,0.6,0.4,0.48,0.2227105745132009,1,finbert_summary_sentiment_df,60,5,0,accuracy,"open,prev_high,prev_low,prev_close,positive,negative,neutral"
0,0.0018350601196289063,0.00013243042764637565,0.0006146430969238281,4.711696461918027e-05,1337,{'model__random_state': 1337},0.4,0.4,0.8,0.4,0.6,0.6,0.6,0.0,0.6,0.4,0.48,0.20396078054371142,1,finbert_summary_sentiment_df,60,5,5,accuracy,"open,prev_high,prev_low,prev_close,positive,negative,neutral"
0,0.0018784523010253907,0.00017608275959257632,0.0006150007247924805,3.236021744532197e-05,1337,{'model__random_state': 1337},0.6,0.4,0.4,0.4,0.4,0.4,0.2,0.6,0.4,0.6,0.44000000000000006,0.11999999999999998,1,finbert_summary_sentiment_df,60,5,30,accuracy,"open,prev_high,prev_low,prev_close,positive,negative,neutral"
0,0.0018397092819213868,0.00011285664010363384,0.0006139516830444336,3.911016075181973e-05,1337,{'model__random_state': 1337},0.2,0.4,0.6,0.6,0.6,0.4,0.6,0.4,0.6,0.4,0.48,0.13266499161421597,1,finbert_tone_summary_sentiment_df,60,5,0,accuracy,"open,prev_high,prev_low,prev_close,positive,negative,neutral"
0,0.0017687320709228516,0.00012909053698803902,0.0005970954895019531,3.068461006862245e-05,1337,{'model__random_state': 1337},0.2,0.4,0.6,0.4,0.4,0.4,0.8,0.2,0.6,0.4,0.44000000000000006,0.17435595774162693,1,finbert_tone_summary_sentiment_df,60,5,5,accuracy,"open,prev_high,prev_low,prev_close,positive,negative,neutral"
0,0.001805877685546875,0.00015112346274681908,0.0005975484848022461,3.204651694503842e-05,1337,{'model__random_state': 1337},0.6,0.4,0.4,0.6,0.8,0.4,0.6,1.0,0.4,0.4,0.5600000000000002,0.19595917942265426,1,finbert_tone_summary_sentiment_df,60,5,30,accuracy,"open,prev_high,prev_low,prev_close,positive,negative,neutral"
0,0.0018175363540649414,0.00016229995371097288,0.0006082296371459961,2.8250428611145743e-05,1337,{'model__random_state': 1337},0.6,0.4,0.4,0.8,0.2,0.8,0.6,0.4,0.6,0.4,0.52,0.18330302779823363,1,finbert_whole_article_sentiment_df,60,5,0,accuracy,"open,prev_high,prev_low,prev_close,positive,negative,neutral"
0,0.0018353223800659179,0.00014462088377972538,0.0006090641021728515,3.2304476964014706e-05,1337,{'model__random_state': 1337},0.6,0.4,0.4,0.6,0.6,0.6,1.0,0.4,0.6,0.4,0.5599999999999999,0.17435595774162693,1,finbert_whole_article_sentiment_df,60,5,5,accuracy,"open,prev_high,prev_low,prev_close,positive,negative,neutral"
0,0.0018718957901000977,0.0001510372967231882,0.0006140232086181641,3.717513741419783e-05,1337,{'model__random_state': 1337},0.6,0.4,0.4,0.4,0.6,0.8,0.4,0.4,0.2,0.4,0.4600000000000001,0.1562049935181331,1,finbert_whole_article_sentiment_df,60,5,30,accuracy,"open,prev_high,prev_low,prev_close,positive,negative,neutral"
0,0.0016968965530395508,0.00010538754130111167,0.0005712509155273438,1.926770273229108e-05,1337,{'model__random_state': 1337},0.6,0.4,0.2,0.6,0.6,0.4,0.8,0.0,0.6,0.4,0.4600000000000001,0.21999999999999997,1,finbert_tone_whole_article_sentiment_df,60,5,0,accuracy,"open,prev_high,prev_low,prev_close,positive,negative,neutral"
0,0.0018227338790893556,0.00016925480687875598,0.0006047725677490234,3.104740894333317e-05,1337,{'model__random_state': 1337},0.4,0.2,0.4,0.4,0.6,0.4,0.6,0.0,0.6,0.4,0.4,0.17888543819998318,1,finbert_tone_whole_article_sentiment_df,60,5,5,accuracy,"open,prev_high,prev_low,prev_close,positive,negative,neutral"
0,0.001766371726989746,0.00016484244179434745,0.0005943775177001953,3.0144632920453303e-05,1337,{'model__random_state': 1337},0.6,0.4,0.4,0.4,0.2,0.4,0.6,0.8,0.4,0.8,0.5,0.18439088914585774,1,finbert_tone_whole_article_sentiment_df,60,5,30,accuracy,"open,prev_high,prev_low,prev_close,positive,negative,neutral"
0,0.0017899036407470702,0.00013420815405656972,0.0005956888198852539,3.357154563924568e-05,1337,{'model__random_state': 1337},0.2,0.4,0.6,0.4,0.6,0.6,0.8,0.6,0.6,0.6,0.5399999999999998,0.15620499351813308,1,bert_topic_article_sentiment_df,60,5,0,accuracy,"open,prev_high,prev_low,prev_close,positive,negative,neutral"
0,0.0016837596893310546,0.00014675428748613247,0.000583195686340332,3.248158056523128e-05,1337,{'model__random_state': 1337},0.2,0.6,0.6,0.2,0.4,0.6,0.8,0.4,0.6,0.6,0.5,0.18439088914585774,1,bert_topic_article_sentiment_df,60,5,5,accuracy,"open,prev_high,prev_low,prev_close,positive,negative,neutral"
0,0.0017926454544067382,0.00016041341517681945,0.000598454475402832,3.46304032558889e-05,1337,{'model__random_state': 1337},0.6,0.4,0.4,0.4,0.4,0.4,0.8,0.4,0.4,0.4,0.4600000000000001,0.128062484748657,1,bert_topic_article_sentiment_df,60,5,30,accuracy,"open,prev_high,prev_low,prev_close,positive,negative,neutral"
0,0.001957559585571289,0.00013400554580628748,0.0006189823150634765,1.9527573258064863e-05,1337,{'model__random_state': 1337},0.6,0.4,0.4,0.4,0.4,0.6,0.2,0.2,0.6,0.4,0.42000000000000004,0.13999999999999999,1,finbert_summary_sentiment_df,252,5,0,accuracy,"open,prev_high,prev_low,prev_close,positive,negative,neutral"
0,0.0019005775451660157,0.0001266647343543019,0.0005939722061157227,1.9072607139351543e-05,1337,{'model__random_state': 1337},0.6,0.4,0.4,0.4,0.4,0.6,0.2,0.2,0.6,0.6,0.44000000000000006,0.14966629547095764,1,finbert_summary_sentiment_df,252,5,5,accuracy,"open,prev_high,prev_low,prev_close,positive,negative,neutral"
0,0.0019208431243896485,0.00017099270791011962,0.0006015300750732422,3.37922487090013e-05,1337,{'model__random_state': 1337},0.6,0.4,0.4,0.4,0.4,0.6,0.2,0.2,0.6,0.4,0.42000000000000004,0.13999999999999999,1,finbert_summary_sentiment_df,252,5,30,accuracy,"open,prev_high,prev_low,prev_close,positive,negative,neutral"
0,0.001999187469482422,0.00010815155558160912,0.0006024837493896484,3.6128715153143245e-05,1337,{'model__random_state': 1337},0.6,0.4,0.4,0.4,0.6,0.6,0.2,0.2,0.6,0.4,0.44000000000000006,0.14966629547095764,1,finbert_tone_summary_sentiment_df,252,5,0,accuracy,"open,prev_high,prev_low,prev_close,positive,negative,neutral"
0,0.0019620656967163086,0.00012745435561823185,0.0006194829940795899,4.844734166064591e-05,1337,{'model__random_state': 1337},0.6,0.4,0.4,0.6,0.6,0.6,0.2,0.2,0.6,0.4,0.4600000000000001,0.15620499351813308,1,finbert_tone_summary_sentiment_df,252,5,5,accuracy,"open,prev_high,prev_low,prev_close,positive,negative,neutral"
0,0.0018822908401489257,0.00014314546853139883,0.0005918264389038086,2.7384540458026396e-05,1337,{'model__random_state': 1337},0.6,0.4,0.4,0.6,0.6,0.6,0.2,0.2,0.6,0.4,0.4600000000000001,0.15620499351813308,1,finbert_tone_summary_sentiment_df,252,5,30,accuracy,"open,prev_high,prev_low,prev_close,positive,negative,neutral"
0,0.00204770565032959,0.00012678565847600056,0.0006233453750610352,3.09432506072999e-05,1337,{'model__random_state': 1337},0.6,0.4,0.4,0.4,0.6,1.0,0.4,0.2,0.6,0.4,0.5,0.20493901531919195,1,finbert_whole_article_sentiment_df,252,5,0,accuracy,"open,prev_high,prev_low,prev_close,positive,negative,neutral"
0,0.002015495300292969,0.0001267557572200158,0.0006183862686157226,3.784628167850613e-05,1337,{'model__random_state': 1337},0.6,0.4,0.4,0.4,0.6,1.0,0.4,0.2,0.6,0.4,0.5,0.20493901531919195,1,finbert_whole_article_sentiment_df,252,5,5,accuracy,"open,prev_high,prev_low,prev_close,positive,negative,neutral"
0,0.0018862009048461914,8.504093941402194e-05,0.0006058931350708008,2.1371682377963443e-05,1337,{'model__random_state': 1337},0.6,0.4,0.4,0.4,0.4,0.6,0.2,0.2,0.6,0.4,0.42000000000000004,0.13999999999999999,1,finbert_whole_article_sentiment_df,252,5,30,accuracy,"open,prev_high,prev_low,prev_close,positive,negative,neutral"
0,0.001968860626220703,0.00013252899421244902,0.0006113052368164062,1.71985584972724e-05,1337,{'model__random_state': 1337},0.6,0.4,0.4,0.4,0.4,0.6,0.2,0.2,0.8,0.4,0.44000000000000006,0.17435595774162693,1,finbert_tone_whole_article_sentiment_df,252,5,0,accuracy,"open,prev_high,prev_low,prev_close,positive,negative,neutral"
0,0.0020325422286987306,0.00010740768631601744,0.0006220817565917968,4.241878608511304e-05,1337,{'model__random_state': 1337},0.6,0.4,0.4,0.4,0.4,0.6,0.2,0.2,0.6,0.4,0.42000000000000004,0.13999999999999999,1,finbert_tone_whole_article_sentiment_df,252,5,5,accuracy,"open,prev_high,prev_low,prev_close,positive,negative,neutral"
0,0.0019945383071899416,0.00014954528800334755,0.0006147384643554688,2.7311199461544656e-05,1337,{'model__random_state': 1337},0.6,0.4,0.4,0.4,0.4,0.6,0.2,0.2,0.6,0.4,0.42000000000000004,0.13999999999999999,1,finbert_tone_whole_article_sentiment_df,252,5,30,accuracy,"open,prev_high,prev_low,prev_close,positive,negative,neutral"
0,0.0019365310668945312,0.0002110299720144212,0.0005877017974853516,1.5287446886394275e-05,1337,{'model__random_state': 1337},0.4,0.4,0.4,0.4,0.4,0.6,0.6,0.4,0.8,0.4,0.4800000000000001,0.132664991614216,1,bert_topic_article_sentiment_df,252,5,0,accuracy,"open,prev_high,prev_low,prev_close,positive,negative,neutral"
0,0.002019047737121582,0.0001741879759102496,0.0006225347518920898,4.211452803015403e-05,1337,{'model__random_state': 1337},0.6,0.4,0.4,0.4,0.4,0.6,0.4,0.4,0.8,0.2,0.4600000000000001,0.15620499351813308,1,bert_topic_article_sentiment_df,252,5,5,accuracy,"open,prev_high,prev_low,prev_close,positive,negative,neutral"
0,0.0019994020462036134,0.00016565810995481577,0.0005994558334350586,2.4974172609768647e-05,1337,{'model__random_state': 1337},0.6,0.4,0.4,0.4,0.4,0.6,0.4,0.2,0.6,0.6,0.45999999999999996,0.12806248474865695,1,bert_topic_article_sentiment_df,252,5,30,accuracy,"open,prev_high,prev_low,prev_close,positive,negative,neutral"
0,0.0020652532577514647,0.0001127396758042436,0.0006049156188964843,2.0917830367564445e-05,1337,{'model__random_state': 1337},0.6,0.4,0.4,0.2,0.6,0.6,0.2,0.2,0.6,0.6,0.44000000000000006,0.17435595774162693,1,finbert_summary_sentiment_df,504,5,0,accuracy,"open,prev_high,prev_low,prev_close,positive,negative,neutral"
0,0.0020548343658447266,0.00015712284346455763,0.0006038904190063477,2.864744825230909e-05,1337,{'model__random_state': 1337},0.6,0.4,0.4,0.2,0.6,0.6,0.2,0.4,0.6,0.6,0.45999999999999996,0.15620499351813308,1,finbert_summary_sentiment_df,504,5,5,accuracy,"open,prev_high,prev_low,prev_close,positive,negative,neutral"
0,0.002120375633239746,0.00013678916654510551,0.0006191492080688477,5.24389131213701e-05,1337,{'model__random_state': 1337},0.6,0.4,0.4,0.2,0.6,0.6,0.2,0.4,0.6,0.6,0.45999999999999996,0.15620499351813308,1,finbert_summary_sentiment_df,504,5,30,accuracy,"open,prev_high,prev_low,prev_close,positive,negative,neutral"
0,0.0021209955215454102,0.00012726936727099674,0.0006177663803100586,2.186688333258863e-05,1337,{'model__random_state': 1337},0.6,0.6,0.4,0.6,0.6,0.4,0.4,0.6,0.6,0.8,0.5599999999999999,0.12,1,finbert_tone_summary_sentiment_df,504,5,0,accuracy,"open,prev_high,prev_low,prev_close,positive,negative,neutral"
0,0.002041530609130859,0.00015207045709954783,0.0006039142608642578,3.3944643725868196e-05,1337,{'model__random_state': 1337},0.6,0.6,0.4,0.4,0.6,0.4,0.2,0.6,0.6,0.8,0.5199999999999999,0.16,1,finbert_tone_summary_sentiment_df,504,5,5,accuracy,"open,prev_high,prev_low,prev_close,positive,negative,neutral"
0,0.0021503925323486327,0.00010639364378596091,0.0006371021270751953,5.734804948711671e-05,1337,{'model__random_state': 1337},0.6,0.6,0.4,0.4,0.8,0.6,0.2,0.2,0.6,0.8,0.5199999999999999,0.20396078054371142,1,finbert_tone_summary_sentiment_df,504,5,30,accuracy,"open,prev_high,prev_low,prev_close,positive,negative,neutral"
0,0.002114725112915039,0.00010209905349888779,0.0006172657012939453,3.21774999940307e-05,1337,{'model__random_state': 1337},0.6,0.2,0.4,0.4,0.4,0.6,0.4,0.0,0.4,0.6,0.4,0.17888543819998318,1,finbert_whole_article_sentiment_df,504,5,0,accuracy,"open,prev_high,prev_low,prev_close,positive,negative,neutral"
0,0.0020986080169677736,0.00017232223961060356,0.0006144762039184571,3.615263015306797e-05,1337,{'model__random_state': 1337},0.6,0.2,0.4,0.4,0.4,0.6,0.2,0.2,0.4,0.6,0.4,0.15491933384829668,1,finbert_whole_article_sentiment_df,504,5,5,accuracy,"open,prev_high,prev_low,prev_close,positive,negative,neutral"
0,0.0021216869354248047,0.00014236659928010682,0.0006298065185546875,3.1032392270420394e-05,1337,{'model__random_state': 1337},0.6,0.2,0.4,0.4,0.4,0.6,0.2,0.2,0.6,0.4,0.4,0.15491933384829668,1,finbert_whole_article_sentiment_df,504,5,30,accuracy,"open,prev_high,prev_low,prev_close,positive,negative,neutral"
0,0.002100539207458496,0.00013382161295827247,0.0006303548812866211,5.426633646571986e-05,1337,{'model__random_state': 1337},0.6,0.6,0.4,0.8,0.4,0.6,0.2,0.0,0.6,0.6,0.48,0.22271057451320087,1,finbert_tone_whole_article_sentiment_df,504,5,0,accuracy,"open,prev_high,prev_low,prev_close,positive,negative,neutral"
0,0.002133488655090332,0.00018101602269668718,0.0006250619888305664,4.3390222913958515e-05,1337,{'model__random_state': 1337},0.6,0.6,0.4,0.8,0.4,0.6,0.2,0.2,0.8,0.8,0.54,0.22,1,finbert_tone_whole_article_sentiment_df,504,5,5,accuracy,"open,prev_high,prev_low,prev_close,positive,negative,neutral"
0,0.0020935773849487306,0.00015510851832480153,0.0006078481674194336,3.783820029681495e-05,1337,{'model__random_state': 1337},0.6,0.6,0.4,0.6,0.4,0.6,0.2,0.2,0.6,0.4,0.4600000000000001,0.15620499351813308,1,finbert_tone_whole_article_sentiment_df,504,5,30,accuracy,"open,prev_high,prev_low,prev_close,positive,negative,neutral"
0,0.0021265268325805662,0.00011813476033994097,0.0006211280822753906,3.1075152365747524e-05,1337,{'model__random_state': 1337},0.4,0.4,0.4,0.4,0.4,0.6,0.6,0.2,0.4,0.4,0.42000000000000004,0.10770329614269006,1,bert_topic_article_sentiment_df,504,5,0,accuracy,"open,prev_high,prev_low,prev_close,positive,negative,neutral"
0,0.002073216438293457,0.00014228568517491246,0.0006145238876342773,3.318376385612011e-05,1337,{'model__random_state': 1337},0.4,0.4,0.4,0.4,0.4,0.6,0.6,0.2,0.4,0.4,0.42000000000000004,0.10770329614269006,1,bert_topic_article_sentiment_df,504,5,5,accuracy,"open,prev_high,prev_low,prev_close,positive,negative,neutral"
0,0.0019803285598754884,0.00014594054608468583,0.0005879878997802734,2.1277251971019773e-05,1337,{'model__random_state': 1337},0.4,0.4,0.4,0.6,0.4,0.6,0.6,0.4,0.8,0.4,0.5,0.1341640786499874,1,bert_topic_article_sentiment_df,504,5,30,accuracy,"open,prev_high,prev_low,prev_close,positive,negative,neutral"
0,0.0016234636306762696,0.00012702041751955844,0.0005785942077636719,2.3019878675858444e-05,1337,{'model__random_state': 1337},0.6,0.4,0.3,0.5,0.4,0.5,0.5,0.5,0.4,0.6,0.47000000000000003,0.08999999999999998,1,finbert_summary_sentiment_df,10,10,0,accuracy,"open,prev_high,prev_low,prev_close,positive,negative,neutral"
0,0.0017608880996704101,0.00011728992487840259,0.0006098508834838867,3.5851757323571855e-05,1337,{'model__random_state': 1337},0.7,0.6,0.4,0.5,0.4,0.5,0.4,0.4,0.2,0.5,0.45999999999999996,0.12806248474865695,1,finbert_summary_sentiment_df,10,10,5,accuracy,"open,prev_high,prev_low,prev_close,positive,negative,neutral"
0,0.001800537109375,0.00010451368785512868,0.0006071329116821289,2.3598200765794302e-05,1337,{'model__random_state': 1337},0.3,0.4,0.5,0.5,0.4,0.5,0.4,0.6,0.4,0.5,0.45,0.08062257748298549,1,finbert_summary_sentiment_df,10,10,30,accuracy,"open,prev_high,prev_low,prev_close,positive,negative,neutral"
0,0.0017397165298461913,0.00010732747795343547,0.0005988597869873047,2.9733731492854453e-05,1337,{'model__random_state': 1337},0.4,0.4,0.4,0.5,0.4,0.5,0.4,0.5,0.3,0.5,0.43,0.06403124237432849,1,finbert_tone_summary_sentiment_df,10,10,0,accuracy,"open,prev_high,prev_low,prev_close,positive,negative,neutral"
0,0.0017685890197753906,0.00019461394628344605,0.0006051063537597656,3.377845231418519e-05,1337,{'model__random_state': 1337},0.8,0.7,0.4,0.5,0.4,0.5,0.5,0.5,0.2,0.6,0.51,0.157797338380595,1,finbert_tone_summary_sentiment_df,10,10,5,accuracy,"open,prev_high,prev_low,prev_close,positive,negative,neutral"
0,0.0017389535903930664,0.00017011686222207452,0.0006180286407470703,6.165430698410893e-05,1337,{'model__random_state': 1337},0.3,0.4,0.4,0.5,0.5,0.5,0.4,0.5,0.7,0.5,0.47000000000000003,0.10049875621120888,1,finbert_tone_summary_sentiment_df,10,10,30,accuracy,"open,prev_high,prev_low,prev_close,positive,negative,neutral"
0,0.001682448387145996,0.00012164489042405247,0.0005913496017456055,3.0691250583458444e-05,1337,{'model__random_state': 1337},0.3,0.4,0.3,0.5,0.4,0.4,0.4,0.4,0.3,0.5,0.39,0.07,1,finbert_whole_article_sentiment_df,10,10,0,accuracy,"open,prev_high,prev_low,prev_close,positive,negative,neutral"
0,0.00169525146484375,0.00014308373556879485,0.0005928754806518554,2.756453901263478e-05,1337,{'model__random_state': 1337},0.7,0.7,0.3,0.5,0.4,0.5,0.6,0.5,0.2,0.4,0.4800000000000001,0.15362291495737213,1,finbert_whole_article_sentiment_df,10,10,5,accuracy,"open,prev_high,prev_low,prev_close,positive,negative,neutral"
0,0.001761150360107422,0.00016423924791562441,0.0006017208099365235,3.122424233182097e-05,1337,{'model__random_state': 1337},0.3,0.4,0.5,0.5,0.4,0.6,0.4,0.7,0.5,0.5,0.48,0.10770329614269006,1,finbert_whole_article_sentiment_df,10,10,30,accuracy,"open,prev_high,prev_low,prev_close,positive,negative,neutral"
0,0.0017055511474609376,0.00015982018089304894,0.0005949735641479492,3.0576055721608046e-05,1337,{'model__random_state': 1337},0.5,0.4,0.4,0.5,0.4,0.5,0.5,0.6,0.4,0.5,0.47000000000000003,0.06403124237432847,1,finbert_tone_whole_article_sentiment_df,10,10,0,accuracy,"open,prev_high,prev_low,prev_close,positive,negative,neutral"
0,0.0017482519149780273,0.00012895690682036668,0.0006255149841308594,7.510005101056788e-05,1337,{'model__random_state': 1337},0.5,0.7,0.3,0.5,0.5,0.5,0.7,0.5,0.2,0.5,0.49000000000000005,0.1445683229480096,1,finbert_tone_whole_article_sentiment_df,10,10,5,accuracy,"open,prev_high,prev_low,prev_close,positive,negative,neutral"
0,0.0016859054565429687,0.0001366091772350269,0.0005797147750854492,2.2707726952319658e-05,1337,{'model__random_state': 1337},0.3,0.4,0.5,0.5,0.4,0.5,0.4,0.5,0.7,0.5,0.47000000000000003,0.10049875621120888,1,finbert_tone_whole_article_sentiment_df,10,10,30,accuracy,"open,prev_high,prev_low,prev_close,positive,negative,neutral"
0,0.0017227888107299804,0.00012172324838106792,0.0005963563919067383,2.7644641957645894e-05,1337,{'model__random_state': 1337},0.6,0.4,0.4,0.5,0.4,0.3,0.4,0.5,0.2,0.5,0.42000000000000004,0.10770329614269007,1,bert_topic_article_sentiment_df,10,10,0,accuracy,"open,prev_high,prev_low,prev_close,positive,negative,neutral"
0,0.0018128156661987305,0.00013533102483572872,0.000609135627746582,2.6945191920809432e-05,1337,{'model__random_state': 1337},0.7,0.6,0.3,0.4,0.5,0.5,0.7,0.5,0.2,0.6,0.5,0.15491933384829665,1,bert_topic_article_sentiment_df,10,10,5,accuracy,"open,prev_high,prev_low,prev_close,positive,negative,neutral"
0,0.0017737150192260742,7.858417058930587e-05,0.0006033658981323242,2.5937936246030985e-05,1337,{'model__random_state': 1337},0.3,0.4,0.5,0.5,0.4,0.5,0.4,0.6,0.8,0.5,0.48999999999999994,0.13,1,bert_topic_article_sentiment_df,10,10,30,accuracy,"open,prev_high,prev_low,prev_close,positive,negative,neutral"
0,0.0016647577285766602,0.00015470949264941714,0.0005762815475463867,1.7711612214390664e-05,1337,{'model__random_state': 1337},0.6,0.4,0.4,0.5,0.4,0.5,0.2,0.5,0.7,0.4,0.4600000000000001,0.12806248474865695,1,finbert_summary_sentiment_df,20,10,0,accuracy,"open,prev_high,prev_low,prev_close,positive,negative,neutral"
0,0.0017523050308227539,0.00013821871893449517,0.0005940675735473632,2.5758708419267766e-05,1337,{'model__random_state': 1337},0.4,0.4,0.3,0.4,0.4,0.5,0.2,0.7,0.8,0.5,0.45999999999999996,0.16852299546352717,1,finbert_summary_sentiment_df,20,10,5,accuracy,"open,prev_high,prev_low,prev_close,positive,negative,neutral"
0,0.0018206596374511718,0.00015556260351277587,0.0006171464920043945,5.239605620200669e-05,1337,{'model__random_state': 1337},0.3,0.5,0.6,0.7,0.4,0.6,0.4,0.6,0.3,0.7,0.51,0.1445683229480096,1,finbert_summary_sentiment_df,20,10,30,accuracy,"open,prev_high,prev_low,prev_close,positive,negative,neutral"
0,0.0017531633377075196,0.00015108741869604138,0.0005954980850219726,2.4937728608254854e-05,1337,{'model__random_state': 1337},0.8,0.5,0.3,0.6,0.4,0.5,0.5,0.6,0.6,0.2,0.5,0.161245154965971,1,finbert_tone_summary_sentiment_df,20,10,0,accuracy,"open,prev_high,prev_low,prev_close,positive,negative,neutral"
0,0.0018086671829223634,0.00012787802026105807,0.0006084203720092774,2.4064561701682107e-05,1337,{'model__random_state': 1337},0.3,0.6,0.4,0.4,0.4,0.5,0.6,0.7,0.8,0.5,0.5199999999999999,0.14696938456699069,1,finbert_tone_summary_sentiment_df,20,10,5,accuracy,"open,prev_high,prev_low,prev_close,positive,negative,neutral"
0,0.0018807172775268555,0.00014309612401583477,0.0006067752838134766,1.7778098254590246e-05,1337,{'model__random_state': 1337},0.3,0.4,0.4,0.5,0.5,0.5,0.5,0.6,0.6,0.7,0.5,0.10954451150103321,1,finbert_tone_summary_sentiment_df,20,10,30,accuracy,"open,prev_high,prev_low,prev_close,positive,negative,neutral"
0,0.0018200874328613281,0.00011358932704271944,0.0006325006484985352,7.244107925998264e-05,1337,{'model__random_state': 1337},0.5,0.4,0.3,0.5,0.4,0.5,0.6,0.6,0.6,0.3,0.47000000000000003,0.10999999999999999,1,finbert_whole_article_sentiment_df,20,10,0,accuracy,"open,prev_high,prev_low,prev_close,positive,negative,neutral"
0,0.001836395263671875,0.00013993099813287515,0.0006271600723266602,4.635770167195978e-05,1337,{'model__random_state': 1337},0.6,0.4,0.4,0.3,0.4,0.5,0.7,0.6,0.8,0.5,0.5199999999999999,0.14696938456699069,1,finbert_whole_article_sentiment_df,20,10,5,accuracy,"open,prev_high,prev_low,prev_close,positive,negative,neutral"
0,0.001741337776184082,0.000142514495757717,0.000605010986328125,4.501064946604095e-05,1337,{'model__random_state': 1337},0.3,0.4,0.5,0.5,0.4,0.6,0.4,0.7,0.5,0.4,0.47000000000000003,0.10999999999999999,1,finbert_whole_article_sentiment_df,20,10,30,accuracy,"open,prev_high,prev_low,prev_close,positive,negative,neutral"
0,0.0018097400665283204,0.0001734205087349186,0.0006011009216308593,3.4894218656237276e-05,1337,{'model__random_state': 1337},0.4,0.4,0.6,0.5,0.5,0.6,0.8,0.5,0.4,0.3,0.5000000000000001,0.1341640786499874,1,finbert_tone_whole_article_sentiment_df,20,10,0,accuracy,"open,prev_high,prev_low,prev_close,positive,negative,neutral"
0,0.0016974687576293945,0.00012006874449410564,0.0005965948104858399,3.807090834938236e-05,1337,{'model__random_state': 1337},0.3,0.6,0.4,0.6,0.5,0.5,0.7,0.6,0.6,0.5,0.5299999999999999,0.10999999999999999,1,finbert_tone_whole_article_sentiment_df,20,10,5,accuracy,"open,prev_high,prev_low,prev_close,positive,negative,neutral"
0,0.0018084526062011718,0.0001715084825543553,0.0006192207336425781,4.4369665542500785e-05,1337,{'model__random_state': 1337},0.3,0.4,0.5,0.5,0.5,0.5,0.4,0.4,0.5,0.6,0.45999999999999996,0.07999999999999999,1,finbert_tone_whole_article_sentiment_df,20,10,30,accuracy,"open,prev_high,prev_low,prev_close,positive,negative,neutral"
0,0.0018023014068603515,0.00010967037986605727,0.0006120681762695312,2.6393658198253228e-05,1337,{'model__random_state': 1337},0.6,0.4,0.4,0.5,0.4,0.4,0.6,0.6,0.5,0.2,0.4600000000000001,0.11999999999999998,1,bert_topic_article_sentiment_df,20,10,0,accuracy,"open,prev_high,prev_low,prev_close,positive,negative,neutral"
0,0.001708054542541504,0.00013084899266625915,0.0005886077880859375,2.390038934995155e-05,1337,{'model__random_state': 1337},0.3,0.6,0.4,0.6,0.4,0.2,0.6,0.5,0.7,0.5,0.48,0.14696938456699069,1,bert_topic_article_sentiment_df,20,10,5,accuracy,"open,prev_high,prev_low,prev_close,positive,negative,neutral"
0,0.001851940155029297,0.00014480953342655168,0.000612640380859375,4.9524905015499176e-05,1337,{'model__random_state': 1337},0.3,0.7,0.5,0.5,0.4,0.5,0.4,0.5,0.7,0.6,0.51,0.12206555615733701,1,bert_topic_article_sentiment_df,20,10,30,accuracy,"open,prev_high,prev_low,prev_close,positive,negative,neutral"
0,0.0018530607223510743,0.0001452135540834694,0.0006196498870849609,3.969708720289699e-05,1337,{'model__random_state': 1337},0.6,0.3,0.6,0.5,0.3,0.3,0.5,0.6,0.3,0.5,0.45,0.12845232578665128,1,finbert_summary_sentiment_df,60,10,0,accuracy,"open,prev_high,prev_low,prev_close,positive,negative,neutral"
0,0.0018347740173339845,0.0001398081424932735,0.0006114721298217773,3.287014098066984e-05,1337,{'model__random_state': 1337},0.3,0.2,0.6,0.5,0.4,0.3,0.5,0.5,0.4,0.5,0.41999999999999993,0.116619037896906,1,finbert_summary_sentiment_df,60,10,5,accuracy,"open,prev_high,prev_low,prev_close,positive,negative,neutral"
0,0.001829218864440918,0.0001275679790043614,0.0006036758422851562,4.3678257663169336e-05,1337,{'model__random_state': 1337},0.3,0.7,0.4,0.7,0.2,0.5,0.4,0.5,0.5,0.5,0.47000000000000003,0.14866068747318506,1,finbert_summary_sentiment_df,60,10,30,accuracy,"open,prev_high,prev_low,prev_close,positive,negative,neutral"
0,0.0018897771835327149,0.00015621021007016197,0.0006277561187744141,5.0132913615339395e-05,1337,{'model__random_state': 1337},0.5,0.4,0.6,0.5,0.6,0.3,0.5,0.5,0.4,0.5,0.48,0.08717797887081345,1,finbert_tone_summary_sentiment_df,60,10,0,accuracy,"open,prev_high,prev_low,prev_close,positive,negative,neutral"
0,0.0018661022186279297,0.00014231747998592006,0.000609588623046875,2.943900860393687e-05,1337,{'model__random_state': 1337},0.3,0.4,0.6,0.5,0.5,0.3,0.5,0.4,0.7,0.5,0.47000000000000003,0.11874342087037916,1,finbert_tone_summary_sentiment_df,60,10,5,accuracy,"open,prev_high,prev_low,prev_close,positive,negative,neutral"
0,0.0018390893936157226,0.00011973494269406502,0.0006065607070922851,2.2964907737992377e-05,1337,{'model__random_state': 1337},0.3,0.7,0.5,0.8,0.6,0.5,0.4,0.7,0.7,0.3,0.55,0.16881943016134132,1,finbert_tone_summary_sentiment_df,60,10,30,accuracy,"open,prev_high,prev_low,prev_close,positive,negative,neutral"
0,0.0017952919006347656,0.00015137007637497374,0.0005977153778076172,2.3627509742501335e-05,1337,{'model__random_state': 1337},0.4,0.5,0.6,0.5,0.5,0.5,0.5,0.4,0.5,0.5,0.49000000000000005,0.05385164807134503,1,finbert_whole_article_sentiment_df,60,10,0,accuracy,"open,prev_high,prev_low,prev_close,positive,negative,neutral"
0,0.0017557859420776368,0.00020141304807075336,0.000581669807434082,2.580214506842352e-05,1337,{'model__random_state': 1337},0.3,0.4,0.7,0.5,0.4,0.4,0.6,0.5,0.7,0.5,0.5,0.12649110640673514,1,finbert_whole_article_sentiment_df,60,10,5,accuracy,"open,prev_high,prev_low,prev_close,positive,negative,neutral"
0,0.0018279552459716797,0.00015878215559696232,0.0006052494049072265,3.5461139093034635e-05,1337,{'model__random_state': 1337},0.3,0.6,0.4,0.5,0.7,0.5,0.4,0.7,0.4,0.3,0.48,0.13999999999999999,1,finbert_whole_article_sentiment_df,60,10,30,accuracy,"open,prev_high,prev_low,prev_close,positive,negative,neutral"
0,0.0018073320388793945,0.00014300589044247562,0.0005996465682983398,3.1484877281344586e-05,1337,{'model__random_state': 1337},0.5,0.4,0.6,0.5,0.5,0.4,0.3,0.5,0.4,0.5,0.4600000000000001,0.07999999999999999,1,finbert_tone_whole_article_sentiment_df,60,10,0,accuracy,"open,prev_high,prev_low,prev_close,positive,negative,neutral"
0,0.0019311189651489257,0.00011959119894397109,0.0006408214569091797,5.6107323385721064e-05,1337,{'model__random_state': 1337},0.3,0.4,0.7,0.5,0.5,0.5,0.4,0.5,0.5,0.5,0.48,0.09797958971132711,1,finbert_tone_whole_article_sentiment_df,60,10,5,accuracy,"open,prev_high,prev_low,prev_close,positive,negative,neutral"
0,0.0018840312957763671,0.00018552718481567454,0.0006038188934326172,3.955007086295418e-05,1337,{'model__random_state': 1337},0.3,0.6,0.4,0.5,0.5,0.5,0.4,0.5,0.7,0.5,0.48999999999999994,0.10440306508910549,1,finbert_tone_whole_article_sentiment_df,60,10,30,accuracy,"open,prev_high,prev_low,prev_close,positive,negative,neutral"
0,0.0018312692642211913,0.0001310296735233454,0.0006094694137573243,3.8455527363867965e-05,1337,{'model__random_state': 1337},0.3,0.4,0.6,0.5,0.4,0.4,0.4,0.6,0.6,0.6,0.48,0.10770329614269006,1,bert_topic_article_sentiment_df,60,10,0,accuracy,"open,prev_high,prev_low,prev_close,positive,negative,neutral"
0,0.0017946720123291015,0.00015648674590596403,0.0006012916564941406,3.8136391364271234e-05,1337,{'model__random_state': 1337},0.3,0.4,0.7,0.5,0.4,0.3,0.5,0.5,0.6,0.6,0.47999999999999987,0.12489995996796796,1,bert_topic_article_sentiment_df,60,10,5,accuracy,"open,prev_high,prev_low,prev_close,positive,negative,neutral"
0,0.0018102169036865235,0.0001345223121306054,0.0006217241287231445,5.028270442834037e-05,1337,{'model__random_state': 1337},0.4,0.6,0.4,0.7,0.4,0.5,0.4,0.5,0.7,0.5,0.51,0.11357816691600545,1,bert_topic_article_sentiment_df,60,10,30,accuracy,"open,prev_high,prev_low,prev_close,positive,negative,neutral"
0,0.0019929170608520507,0.00018985633734063708,0.0006227970123291015,4.06077726717924e-05,1337,{'model__random_state': 1337},0.5,0.5,0.6,0.5,0.4,0.5,0.4,0.5,0.2,0.6,0.47000000000000003,0.10999999999999999,1,finbert_summary_sentiment_df,252,10,0,accuracy,"open,prev_high,prev_low,prev_close,positive,negative,neutral"
0,0.0019402265548706054,0.00016128132958731202,0.000623631477355957,4.354818956649957e-05,1337,{'model__random_state': 1337},0.5,0.5,0.6,0.5,0.4,0.5,0.4,0.5,0.2,0.5,0.4600000000000001,0.10198039027185568,1,finbert_summary_sentiment_df,252,10,5,accuracy,"open,prev_high,prev_low,prev_close,positive,negative,neutral"
0,0.00197446346282959,0.00010747941543020364,0.0006439447402954102,5.008736300300077e-05,1337,{'model__random_state': 1337},0.5,0.4,0.5,0.5,0.4,0.5,0.4,0.5,0.2,0.5,0.44000000000000006,0.0916515138991168,1,finbert_summary_sentiment_df,252,10,30,accuracy,"open,prev_high,prev_low,prev_close,positive,negative,neutral"
0,0.0019175052642822266,0.00013880115391915897,0.0005910873413085937,3.3722502338832606e-05,1337,{'model__random_state': 1337},0.3,0.5,0.6,0.5,0.4,0.5,0.5,0.6,0.2,0.5,0.4600000000000001,0.11999999999999998,1,finbert_tone_summary_sentiment_df,252,10,0,accuracy,"open,prev_high,prev_low,prev_close,positive,negative,neutral"
0,0.002282071113586426,0.00040458136653378086,0.0007211685180664063,0.00013969501011265782,1337,{'model__random_state': 1337},0.3,0.5,0.6,0.5,0.4,0.5,0.4,0.6,0.2,0.5,0.45,0.12041594578792293,1,finbert_tone_summary_sentiment_df,252,10,5,accuracy,"open,prev_high,prev_low,prev_close,positive,negative,neutral"
0,0.0026925325393676756,0.000500762683258246,0.0007540225982666015,0.00010696931661709525,1337,{'model__random_state': 1337},0.2,0.6,0.6,0.5,0.4,0.5,0.4,0.6,0.2,0.5,0.45,0.14317821063276354,1,finbert_tone_summary_sentiment_df,252,10,30,accuracy,"open,prev_high,prev_low,prev_close,positive,negative,neutral"
0,0.001987266540527344,0.00016818296681018785,0.0006517171859741211,6.388098710496402e-05,1337,{'model__random_state': 1337},0.5,0.5,0.7,0.6,0.4,0.5,0.4,0.8,0.3,0.5,0.52,0.13999999999999999,1,finbert_whole_article_sentiment_df,252,10,0,accuracy,"open,prev_high,prev_low,prev_close,positive,negative,neutral"
0,0.002010536193847656,0.0001690510730545467,0.0006474018096923828,7.149474751270807e-05,1337,{'model__random_state': 1337},0.5,0.5,0.7,0.6,0.4,0.5,0.4,0.6,0.3,0.5,0.4999999999999999,0.10954451150103321,1,finbert_whole_article_sentiment_df,252,10,5,accuracy,"open,prev_high,prev_low,prev_close,positive,negative,neutral"
0,0.0019376754760742187,0.00019217489351499006,0.0006192207336425781,3.6458371661672e-05,1337,{'model__random_state': 1337},0.4,0.7,0.7,0.5,0.4,0.5,0.4,0.5,0.2,0.5,0.48,0.13999999999999999,1,finbert_whole_article_sentiment_df,252,10,30,accuracy,"open,prev_high,prev_low,prev_close,positive,negative,neutral"
0,0.0019348621368408202,0.0001374644781134483,0.0006053924560546875,3.530170114881231e-05,1337,{'model__random_state': 1337},0.3,0.4,0.7,0.5,0.4,0.5,0.4,0.5,0.2,0.6,0.45,0.13601470508735442,1,finbert_tone_whole_article_sentiment_df,252,10,0,accuracy,"open,prev_high,prev_low,prev_close,positive,negative,neutral"
0,0.001960015296936035,0.0001363726533094138,0.0006167411804199219,4.747940639314239e-05,1337,{'model__random_state': 1337},0.3,0.4,0.6,0.5,0.4,0.5,0.4,0.5,0.2,0.5,0.43000000000000005,0.10999999999999999,1,finbert_tone_whole_article_sentiment_df,252,10,5,accuracy,"open,prev_high,prev_low,prev_close,positive,negative,neutral"
0,0.001970815658569336,0.00011032829987940063,0.0006104707717895508,3.4399802305357804e-05,1337,{'model__random_state': 1337},0.3,0.6,0.6,0.5,0.4,0.5,0.4,0.5,0.2,0.5,0.45,0.12041594578792293,1,finbert_tone_whole_article_sentiment_df,252,10,30,accuracy,"open,prev_high,prev_low,prev_close,positive,negative,neutral"
0,0.0020052433013916016,0.00018096401124026478,0.0006077289581298828,4.000618289875557e-05,1337,{'model__random_state': 1337},0.5,0.5,0.6,0.5,0.4,0.4,0.4,0.5,0.5,0.5,0.4800000000000001,0.05999999999999999,1,bert_topic_article_sentiment_df,252,10,0,accuracy,"open,prev_high,prev_low,prev_close,positive,negative,neutral"
0,0.0020145893096923826,0.00015160706564911017,0.0006048917770385742,3.68979923714409e-05,1337,{'model__random_state': 1337},0.5,0.5,0.6,0.6,0.4,0.5,0.4,0.5,0.3,0.6,0.48999999999999994,0.09433981132056603,1,bert_topic_article_sentiment_df,252,10,5,accuracy,"open,prev_high,prev_low,prev_close,positive,negative,neutral"
0,0.0019308805465698242,0.00014460817194369386,0.0005922555923461914,1.8419266463042008e-05,1337,{'model__random_state': 1337},0.5,0.5,0.6,0.6,0.4,0.5,0.4,0.5,0.3,0.6,0.48999999999999994,0.09433981132056603,1,bert_topic_article_sentiment_df,252,10,30,accuracy,"open,prev_high,prev_low,prev_close,positive,negative,neutral"
0,0.002022576332092285,0.00014777856113222727,0.0005986690521240234,3.8684544083922567e-05,1337,{'model__random_state': 1337},0.4,0.5,0.5,0.5,0.3,0.5,0.3,0.6,0.3,0.6,0.4499999999999999,0.11180339887498948,1,finbert_summary_sentiment_df,504,10,0,accuracy,"open,prev_high,prev_low,prev_close,positive,negative,neutral"
0,0.0021018266677856447,0.00011637645569512326,0.0006210565567016602,2.393856700237663e-05,1337,{'model__random_state': 1337},0.4,0.4,0.5,0.5,0.3,0.5,0.3,0.6,0.3,0.6,0.43999999999999995,0.11135528725660045,1,finbert_summary_sentiment_df,504,10,5,accuracy,"open,prev_high,prev_low,prev_close,positive,negative,neutral"
0,0.0021486759185791017,9.349071963950013e-05,0.0006133317947387695,2.852551514836564e-05,1337,{'model__random_state': 1337},0.5,0.4,0.6,0.5,0.3,0.5,0.3,0.6,0.3,0.6,0.45999999999999996,0.12,1,finbert_summary_sentiment_df,504,10,30,accuracy,"open,prev_high,prev_low,prev_close,positive,negative,neutral"
0,0.0021026611328125,0.00013610543020073885,0.0006157398223876953,2.959507406497961e-05,1337,{'model__random_state': 1337},0.5,0.3,0.5,0.3,0.3,0.6,0.4,0.5,0.5,0.7,0.45999999999999996,0.12806248474865697,1,finbert_tone_summary_sentiment_df,504,10,0,accuracy,"open,prev_high,prev_low,prev_close,positive,negative,neutral"
0,0.0020119905471801757,0.00022399953853188375,0.0005995750427246094,5.008206848260562e-05,1337,{'model__random_state': 1337},0.3,0.3,0.5,0.4,0.4,0.6,0.4,0.5,0.2,0.7,0.43,0.14177446878757824,1,finbert_tone_summary_sentiment_df,504,10,5,accuracy,"open,prev_high,prev_low,prev_close,positive,negative,neutral"
0,0.002005124092102051,0.00011217362059929697,0.0005799293518066406,1.9195346175375737e-05,1337,{'model__random_state': 1337},0.3,0.6,0.4,0.4,0.4,0.6,0.5,0.7,0.2,0.6,0.47000000000000003,0.14866068747318503,1,finbert_tone_summary_sentiment_df,504,10,30,accuracy,"open,prev_high,prev_low,prev_close,positive,negative,neutral"
0,0.002030491828918457,0.00016431521515878416,0.0005915641784667968,2.4376781131854967e-05,1337,{'model__random_state': 1337},0.4,0.3,0.6,0.4,0.4,0.4,0.4,0.5,0.3,0.5,0.42000000000000004,0.08717797887081347,1,finbert_whole_article_sentiment_df,504,10,0,accuracy,"open,prev_high,prev_low,prev_close,positive,negative,neutral"
0,0.0021199941635131835,0.00014811004460429881,0.0006323099136352539,5.325082566930655e-05,1337,{'model__random_state': 1337},0.2,0.3,0.6,0.4,0.4,0.4,0.4,0.5,0.2,0.5,0.39,0.12206555615733702,1,finbert_whole_article_sentiment_df,504,10,5,accuracy,"open,prev_high,prev_low,prev_close,positive,negative,neutral"
0,0.0020665407180786135,0.00015682586412154665,0.000602269172668457,3.1619094971734866e-05,1337,{'model__random_state': 1337},0.2,0.4,0.6,0.5,0.4,0.4,0.4,0.5,0.2,0.5,0.41000000000000003,0.12206555615733701,1,finbert_whole_article_sentiment_df,504,10,30,accuracy,"open,prev_high,prev_low,prev_close,positive,negative,neutral"
0,0.0020521402359008787,0.00017318693584515504,0.0006002902984619141,3.2900865514901164e-05,1337,{'model__random_state': 1337},0.5,0.4,0.6,0.5,0.4,0.6,0.6,0.5,0.2,0.7,0.5,0.13416407864998736,1,finbert_tone_whole_article_sentiment_df,504,10,0,accuracy,"open,prev_high,prev_low,prev_close,positive,negative,neutral"
0,0.0021054744720458984,9.947999142244683e-05,0.0006224393844604492,4.149799165629753e-05,1337,{'model__random_state': 1337},0.4,0.4,0.6,0.5,0.4,0.6,0.6,0.5,0.2,0.8,0.5,0.15491933384829668,1,finbert_tone_whole_article_sentiment_df,504,10,5,accuracy,"open,prev_high,prev_low,prev_close,positive,negative,neutral"
0,0.002093338966369629,0.00012507700662853726,0.0006100416183471679,2.764402508527149e-05,1337,{'model__random_state': 1337},0.4,0.4,0.6,0.5,0.4,0.6,0.5,0.5,0.2,0.6,0.47000000000000003,0.11874342087037916,1,finbert_tone_whole_article_sentiment_df,504,10,30,accuracy,"open,prev_high,prev_low,prev_close,positive,negative,neutral"
0,0.0020428895950317383,0.0001290081697786637,0.0006007909774780274,2.848487452538401e-05,1337,{'model__random_state': 1337},0.4,0.5,0.4,0.6,0.3,0.4,0.4,0.5,0.4,0.4,0.43,0.07810249675906654,1,bert_topic_article_sentiment_df,504,10,0,accuracy,"open,prev_high,prev_low,prev_close,positive,negative,neutral"
0,0.002047014236450195,0.00014211870521295585,0.0006163358688354492,6.260977658455489e-05,1337,{'model__random_state': 1337},0.4,0.5,0.5,0.5,0.3,0.4,0.4,0.5,0.5,0.4,0.44000000000000006,0.066332495807108,1,bert_topic_article_sentiment_df,504,10,5,accuracy,"open,prev_high,prev_low,prev_close,positive,negative,neutral"
0,0.0021005868911743164,0.00011967787438701295,0.0006088972091674805,3.047609676520246e-05,1337,{'model__random_state': 1337},0.3,0.7,0.4,0.5,0.4,0.4,0.5,0.5,0.5,0.6,0.48,0.10770329614269006,1,bert_topic_article_sentiment_df,504,10,30,accuracy,"open,prev_high,prev_low,prev_close,positive,negative,neutral"
0,0.0017539739608764648,0.00017459068923049133,0.000599527359008789,5.1136111110328606e-05,1337,{'model__random_state': 1337},0.5166666666666667,0.55,0.5166666666666667,0.5,0.5166666666666667,0.48333333333333334,0.43333333333333335,0.5333333333333333,0.45,0.38333333333333336,0.48833333333333345,0.04890466917040404,1,finbert_summary_sentiment_df,60,60,0,accuracy,"open,prev_high,prev_low,prev_close,positive,negative,neutral"
0,0.0017727375030517577,0.0001442849753036633,0.0005880355834960938,2.6466008733981312e-05,1337,{'model__random_state': 1337},0.48333333333333334,0.5666666666666667,0.48333333333333334,0.5166666666666667,0.4666666666666667,0.45,0.5333333333333333,0.5166666666666667,0.4166666666666667,0.4166666666666667,0.48500000000000004,0.04681523968396046,1,finbert_summary_sentiment_df,60,60,5,accuracy,"open,prev_high,prev_low,prev_close,positive,negative,neutral"
0,0.0017732620239257813,0.00014520933226555335,0.0005881309509277344,2.0294393362727454e-05,1337,{'model__random_state': 1337},0.48333333333333334,0.5166666666666667,0.4666666666666667,0.43333333333333335,0.48333333333333334,0.4666666666666667,0.5166666666666667,0.5166666666666667,0.5,0.38333333333333336,0.4766666666666667,0.04027681991198191,1,finbert_summary_sentiment_df,60,60,30,accuracy,"open,prev_high,prev_low,prev_close,positive,negative,neutral"
0,0.001850438117980957,0.0001531939484705292,0.0006289482116699219,7.164476318486045e-05,1337,{'model__random_state': 1337},0.5166666666666667,0.5666666666666667,0.5666666666666667,0.48333333333333334,0.5166666666666667,0.48333333333333334,0.4666666666666667,0.5166666666666667,0.5333333333333333,0.5166666666666667,0.5166666666666667,0.031622776601683784,1,finbert_tone_summary_sentiment_df,60,60,0,accuracy,"open,prev_high,prev_low,prev_close,positive,negative,neutral"
0,0.0018482208251953125,0.00010123304527751051,0.0006030082702636718,2.5523218352940478e-05,1337,{'model__random_state': 1337},0.5166666666666667,0.5666666666666667,0.5666666666666667,0.5,0.48333333333333334,0.4666666666666667,0.43333333333333335,0.5333333333333333,0.48333333333333334,0.45,0.5,0.043461349368017654,1,finbert_tone_summary_sentiment_df,60,60,5,accuracy,"open,prev_high,prev_low,prev_close,positive,negative,neutral"
0,0.0018614768981933595,0.00017285883664974673,0.0006162166595458984,4.254769092301813e-05,1337,{'model__random_state': 1337},0.5,0.4666666666666667,0.5,0.4666666666666667,0.48333333333333334,0.4166666666666667,0.4666666666666667,0.5166666666666667,0.4666666666666667,0.45,0.47333333333333333,0.027080128015453203,1,finbert_tone_summary_sentiment_df,60,60,30,accuracy,"open,prev_high,prev_low,prev_close,positive,negative,neutral"
0,0.0018157005310058595,0.0001108481897435592,0.0006048202514648438,2.251252204499109e-05,1337,{'model__random_state': 1337},0.5166666666666667,0.5333333333333333,0.5833333333333334,0.5166666666666667,0.5,0.5,0.43333333333333335,0.48333333333333334,0.5166666666666667,0.5,0.5083333333333334,0.03593976442141305,1,finbert_whole_article_sentiment_df,60,60,0,accuracy,"open,prev_high,prev_low,prev_close,positive,negative,neutral"
0,0.001789426803588867,0.00013489925467955981,0.000615239143371582,5.0009994853116854e-05,1337,{'model__random_state': 1337},0.5666666666666667,0.55,0.6,0.5,0.5166666666666667,0.4666666666666667,0.5166666666666667,0.48333333333333334,0.4666666666666667,0.4166666666666667,0.5083333333333334,0.05123475382979799,1,finbert_whole_article_sentiment_df,60,60,5,accuracy,"open,prev_high,prev_low,prev_close,positive,negative,neutral"
0,0.0017614364624023438,0.00014650564641536696,0.0006091833114624023,4.235007281934603e-05,1337,{'model__random_state': 1337},0.5,0.65,0.55,0.48333333333333334,0.48333333333333334,0.48333333333333334,0.5333333333333333,0.5166666666666667,0.5833333333333334,0.55,0.5333333333333333,0.05055250296034368,1,finbert_whole_article_sentiment_df,60,60,30,accuracy,"open,prev_high,prev_low,prev_close,positive,negative,neutral"
0,0.001786947250366211,0.00017465227667351133,0.00060577392578125,5.263025195929717e-05,1337,{'model__random_state': 1337},0.45,0.55,0.55,0.4666666666666667,0.5166666666666667,0.5,0.48333333333333334,0.48333333333333334,0.5166666666666667,0.48333333333333334,0.5,0.03162277660168381,1,finbert_tone_whole_article_sentiment_df,60,60,0,accuracy,"open,prev_high,prev_low,prev_close,positive,negative,neutral"
0,0.001786947250366211,0.00016200404731496351,0.0006130218505859375,6.212977744672214e-05,1337,{'model__random_state': 1337},0.43333333333333335,0.6,0.5666666666666667,0.48333333333333334,0.5,0.48333333333333334,0.5166666666666667,0.5166666666666667,0.5166666666666667,0.48333333333333334,0.51,0.044221663871405324,1,finbert_tone_whole_article_sentiment_df,60,60,5,accuracy,"open,prev_high,prev_low,prev_close,positive,negative,neutral"
0,0.0018266677856445313,0.0001335781745524951,0.0006206035614013672,4.5797099941751525e-05,1337,{'model__random_state': 1337},0.48333333333333334,0.4166666666666667,0.6166666666666667,0.4666666666666667,0.48333333333333334,0.5,0.48333333333333334,0.5166666666666667,0.5166666666666667,0.48333333333333334,0.4966666666666667,0.048189440982669876,1,finbert_tone_whole_article_sentiment_df,60,60,30,accuracy,"open,prev_high,prev_low,prev_close,positive,negative,neutral"
0,0.0017452001571655273,0.00013002219892483473,0.0005897998809814454,2.931517132763316e-05,1337,{'model__random_state': 1337},0.5166666666666667,0.5166666666666667,0.5666666666666667,0.5,0.5333333333333333,0.45,0.4666666666666667,0.5,0.4166666666666667,0.43333333333333335,0.4900000000000001,0.0448454134902457,1,bert_topic_article_sentiment_df,60,60,0,accuracy,"open,prev_high,prev_low,prev_close,positive,negative,neutral"
0,0.0018761634826660156,0.00018537487779083118,0.0006201028823852539,5.646207527679235e-05,1337,{'model__random_state': 1337},0.5333333333333333,0.45,0.5666666666666667,0.5166666666666667,0.45,0.43333333333333335,0.5,0.5,0.43333333333333335,0.4166666666666667,0.4800000000000001,0.04760952285695232,1,bert_topic_article_sentiment_df,60,60,5,accuracy,"open,prev_high,prev_low,prev_close,positive,negative,neutral"
0,0.001793050765991211,0.00010987538777642283,0.0006052732467651367,2.129868043590919e-05,1337,{'model__random_state': 1337},0.5,0.5666666666666667,0.5833333333333334,0.48333333333333334,0.48333333333333334,0.4666666666666667,0.5166666666666667,0.5,0.5166666666666667,0.4,0.5016666666666667,0.04856267428111155,1,bert_topic_article_sentiment_df,60,60,30,accuracy,"open,prev_high,prev_low,prev_close,positive,negative,neutral"
0,0.001917123794555664,0.00017919131828063792,0.0006050825119018555,2.9528205992404272e-05,1337,{'model__random_state': 1337},0.5166666666666667,0.5833333333333334,0.5333333333333333,0.4666666666666667,0.48333333333333334,0.48333333333333334,0.5333333333333333,0.4666666666666667,0.4666666666666667,0.4166666666666667,0.495,0.044752405273658515,1,finbert_summary_sentiment_df,252,60,0,accuracy,"open,prev_high,prev_low,prev_close,positive,negative,neutral"
0,0.001943516731262207,0.00013063406496934647,0.0006077766418457031,2.5244868808593178e-05,1337,{'model__random_state': 1337},0.5166666666666667,0.55,0.48333333333333334,0.4666666666666667,0.48333333333333334,0.5,0.5166666666666667,0.48333333333333334,0.4666666666666667,0.4166666666666667,0.4883333333333334,0.03419714088113866,1,finbert_summary_sentiment_df,252,60,5,accuracy,"open,prev_high,prev_low,prev_close,positive,negative,neutral"
0,0.0019544363021850586,0.00011963193595602292,0.0006097078323364258,2.3757080508832548e-05,1337,{'model__random_state': 1337},0.5166666666666667,0.55,0.45,0.35,0.48333333333333334,0.48333333333333334,0.4666666666666667,0.48333333333333334,0.45,0.43333333333333335,0.4666666666666667,0.050552502960343686,1,finbert_summary_sentiment_df,252,60,30,accuracy,"open,prev_high,prev_low,prev_close,positive,negative,neutral"
0,0.0020037412643432615,0.00017506698322229807,0.0006431102752685547,7.75645078792215e-05,1337,{'model__random_state': 1337},0.5166666666666667,0.5166666666666667,0.48333333333333334,0.45,0.48333333333333334,0.4,0.5333333333333333,0.5166666666666667,0.5166666666666667,0.45,0.4866666666666667,0.04000000000000001,1,finbert_tone_summary_sentiment_df,252,60,0,accuracy,"open,prev_high,prev_low,prev_close,positive,negative,neutral"
0,0.0020093202590942385,0.00015880134482728419,0.0006106376647949218,2.4867823562462158e-05,1337,{'model__random_state': 1337},0.5166666666666667,0.5333333333333333,0.4666666666666667,0.4666666666666667,0.48333333333333334,0.4166666666666667,0.5666666666666667,0.5,0.5166666666666667,0.45,0.4916666666666667,0.041666666666666664,1,finbert_tone_summary_sentiment_df,252,60,5,accuracy,"open,prev_high,prev_low,prev_close,positive,negative,neutral"
0,0.0019180059432983398,0.0001839895824195465,0.0006047248840332031,4.029065188804606e-05,1337,{'model__random_state': 1337},0.5166666666666667,0.55,0.45,0.5,0.48333333333333334,0.43333333333333335,0.5166666666666667,0.55,0.4666666666666667,0.4166666666666667,0.4883333333333334,0.04412734098291243,1,finbert_tone_summary_sentiment_df,252,60,30,accuracy,"open,prev_high,prev_low,prev_close,positive,negative,neutral"
0,0.0019414186477661132,0.00016072773970881216,0.0006086111068725586,3.2077543047570885e-05,1337,{'model__random_state': 1337},0.5166666666666667,0.5666666666666667,0.6333333333333333,0.4666666666666667,0.48333333333333334,0.48333333333333334,0.4166666666666667,0.5166666666666667,0.5833333333333334,0.4166666666666667,0.5083333333333334,0.06677075208003376,1,finbert_whole_article_sentiment_df,252,60,0,accuracy,"open,prev_high,prev_low,prev_close,positive,negative,neutral"
0,0.0018778800964355468,0.00012458953802468016,0.0005958080291748047,2.2135723854894943e-05,1337,{'model__random_state': 1337},0.5166666666666667,0.5833333333333334,0.5833333333333334,0.48333333333333334,0.48333333333333334,0.4666666666666667,0.4,0.5166666666666667,0.55,0.4166666666666667,0.5,0.059628479399994404,1,finbert_whole_article_sentiment_df,252,60,5,accuracy,"open,prev_high,prev_low,prev_close,positive,negative,neutral"
0,0.0019386529922485352,0.00010738924634400681,0.0006103992462158203,4.1006720323471863e-05,1337,{'model__random_state': 1337},0.5166666666666667,0.5833333333333334,0.45,0.48333333333333334,0.48333333333333334,0.4666666666666667,0.4,0.48333333333333334,0.5166666666666667,0.4166666666666667,0.48,0.0498887651569859,1,finbert_whole_article_sentiment_df,252,60,30,accuracy,"open,prev_high,prev_low,prev_close,positive,negative,neutral"
0,0.0019109249114990234,0.00014567215195946358,0.0005981922149658203,2.772429818473041e-05,1337,{'model__random_state': 1337},0.5166666666666667,0.5666666666666667,0.6,0.4666666666666667,0.48333333333333334,0.48333333333333334,0.35,0.48333333333333334,0.5333333333333333,0.4166666666666667,0.49000000000000005,0.06798692684790379,1,finbert_tone_whole_article_sentiment_df,252,60,0,accuracy,"open,prev_high,prev_low,prev_close,positive,negative,neutral"
0,0.001854872703552246,0.00010709678977799708,0.0006017446517944336,2.6799022503865513e-05,1337,{'model__random_state': 1337},0.5166666666666667,0.48333333333333334,0.6,0.4666666666666667,0.48333333333333334,0.48333333333333334,0.5,0.5,0.5333333333333333,0.4166666666666667,0.49833333333333335,0.04499999999999999,1,finbert_tone_whole_article_sentiment_df,252,60,5,accuracy,"open,prev_high,prev_low,prev_close,positive,negative,neutral"
0,0.0019257068634033203,0.00014202344809601786,0.000603628158569336,3.381693356276931e-05,1337,{'model__random_state': 1337},0.5166666666666667,0.4666666666666667,0.43333333333333335,0.4666666666666667,0.48333333333333334,0.48333333333333334,0.4666666666666667,0.5,0.5,0.4166666666666667,0.47333333333333333,0.029059326290271158,1,finbert_tone_whole_article_sentiment_df,252,60,30,accuracy,"open,prev_high,prev_low,prev_close,positive,negative,neutral"
0,0.001970362663269043,0.00010338699704059424,0.000619959831237793,1.871731624878739e-05,1337,{'model__random_state': 1337},0.5166666666666667,0.5166666666666667,0.55,0.4666666666666667,0.48333333333333334,0.48333333333333334,0.4,0.5166666666666667,0.6,0.43333333333333335,0.4966666666666667,0.0541602560309064,1,bert_topic_article_sentiment_df,252,60,0,accuracy,"open,prev_high,prev_low,prev_close,positive,negative,neutral"
0,0.0019789218902587892,0.00015564631729470953,0.0006134748458862304,2.0991249642389964e-05,1337,{'model__random_state': 1337},0.5166666666666667,0.5166666666666667,0.5666666666666667,0.4666666666666667,0.48333333333333334,0.5,0.45,0.55,0.5833333333333334,0.43333333333333335,0.5066666666666666,0.047258156262526094,1,bert_topic_article_sentiment_df,252,60,5,accuracy,"open,prev_high,prev_low,prev_close,positive,negative,neutral"
0,0.001983308792114258,9.512908476633222e-05,0.0006234407424926758,5.3574246279779575e-05,1337,{'model__random_state': 1337},0.5166666666666667,0.55,0.5,0.4666666666666667,0.48333333333333334,0.48333333333333334,0.45,0.5,0.5833333333333334,0.43333333333333335,0.4966666666666667,0.042687494916219,1,bert_topic_article_sentiment_df,252,60,30,accuracy,"open,prev_high,prev_low,prev_close,positive,negative,neutral"
0,0.0020446062088012697,0.0001445306346367379,0.0006058931350708008,2.645201218356401e-05,1337,{'model__random_state': 1337},0.5166666666666667,0.48333333333333334,0.48333333333333334,0.43333333333333335,0.5333333333333333,0.48333333333333334,0.65,0.5833333333333334,0.48333333333333334,0.43333333333333335,0.5083333333333334,0.06335525936249405,1,finbert_summary_sentiment_df,504,60,0,accuracy,"open,prev_high,prev_low,prev_close,positive,negative,neutral"
0,0.002112674713134766,0.00012349395659216948,0.0006091833114624023,2.593933877876053e-05,1337,{'model__random_state': 1337},0.5166666666666667,0.48333333333333334,0.4666666666666667,0.4166666666666667,0.5,0.48333333333333334,0.6,0.5833333333333334,0.48333333333333334,0.4166666666666667,0.4950000000000001,0.05727613425813194,1,finbert_summary_sentiment_df,504,60,5,accuracy,"open,prev_high,prev_low,prev_close,positive,negative,neutral"
0,0.0020750761032104492,5.4807681425020806e-05,0.0006016254425048828,2.5070300279029542e-05,1337,{'model__random_state': 1337},0.5166666666666667,0.48333333333333334,0.43333333333333335,0.43333333333333335,0.48333333333333334,0.48333333333333334,0.5,0.5666666666666667,0.48333333333333334,0.43333333333333335,0.48166666666666663,0.03975620147292187,1,finbert_summary_sentiment_df,504,60,30,accuracy,"open,prev_high,prev_low,prev_close,positive,negative,neutral"
0,0.002121448516845703,0.00022064829939794328,0.0006151676177978515,3.283566594189172e-05,1337,{'model__random_state': 1337},0.5166666666666667,0.48333333333333334,0.48333333333333334,0.5166666666666667,0.5666666666666667,0.48333333333333334,0.5166666666666667,0.5333333333333333,0.48333333333333334,0.45,0.5033333333333333,0.031446603773522014,1,finbert_tone_summary_sentiment_df,504,60,0,accuracy,"open,prev_high,prev_low,prev_close,positive,negative,neutral"
0,0.0020848989486694338,0.00015142924960464044,0.0006107091903686523,3.110339190125467e-05,1337,{'model__random_state': 1337},0.5166666666666667,0.48333333333333334,0.45,0.48333333333333334,0.4666666666666667,0.48333333333333334,0.5,0.5666666666666667,0.48333333333333334,0.45,0.4883333333333334,0.032532035493238555,1,finbert_tone_summary_sentiment_df,504,60,5,accuracy,"open,prev_high,prev_low,prev_close,positive,negative,neutral"
0,0.002088189125061035,0.00015138555664808467,0.000609731674194336,3.3706215289471165e-05,1337,{'model__random_state': 1337},0.5166666666666667,0.48333333333333334,0.43333333333333335,0.5,0.4666666666666667,0.48333333333333334,0.4666666666666667,0.5166666666666667,0.4666666666666667,0.5166666666666667,0.485,0.026299556396765848,1,finbert_tone_summary_sentiment_df,504,60,30,accuracy,"open,prev_high,prev_low,prev_close,positive,negative,neutral"
0,0.0021101713180541994,0.00016553400573444707,0.0006192922592163086,3.769461072067524e-05,1337,{'model__random_state': 1337},0.5166666666666667,0.48333333333333334,0.43333333333333335,0.5,0.5166666666666667,0.48333333333333334,0.4666666666666667,0.55,0.45,0.4166666666666667,0.48166666666666674,0.039051248379533283,1,finbert_whole_article_sentiment_df,504,60,0,accuracy,"open,prev_high,prev_low,prev_close,positive,negative,neutral"
0,0.002099609375,0.00011634578467676704,0.0006398200988769531,2.946379077069029e-05,1337,{'model__random_state': 1337},0.5166666666666667,0.48333333333333334,0.43333333333333335,0.4666666666666667,0.4666666666666667,0.48333333333333334,0.48333333333333334,0.55,0.45,0.4,0.47333333333333333,0.039581140290126396,1,finbert_whole_article_sentiment_df,504,60,5,accuracy,"open,prev_high,prev_low,prev_close,positive,negative,neutral"
0,0.0022325038909912108,9.585564341826472e-05,0.0006554126739501953,4.601490929937828e-05,1337,{'model__random_state': 1337},0.5166666666666667,0.48333333333333334,0.43333333333333335,0.5833333333333334,0.48333333333333334,0.48333333333333334,0.48333333333333334,0.5,0.45,0.43333333333333335,0.48500000000000004,0.04179978734661485,1,finbert_whole_article_sentiment_df,504,60,30,accuracy,"open,prev_high,prev_low,prev_close,positive,negative,neutral"
0,0.0021202802658081056,0.00017346889020598656,0.0006087541580200196,3.121299878213161e-05,1337,{'model__random_state': 1337},0.5166666666666667,0.48333333333333334,0.4666666666666667,0.4666666666666667,0.45,0.48333333333333334,0.5166666666666667,0.55,0.4166666666666667,0.48333333333333334,0.4833333333333334,0.03574601764921204,1,finbert_tone_whole_article_sentiment_df,504,60,0,accuracy,"open,prev_high,prev_low,prev_close,positive,negative,neutral"
0,0.0020989894866943358,0.00012920192077138057,0.0006177186965942383,3.17799445590331e-05,1337,{'model__random_state': 1337},0.5166666666666667,0.48333333333333334,0.45,0.5,0.48333333333333334,0.48333333333333334,0.5666666666666667,0.55,0.4,0.45,0.4883333333333334,0.0465772953749404,1,finbert_tone_whole_article_sentiment_df,504,60,5,accuracy,"open,prev_high,prev_low,prev_close,positive,negative,neutral"
0,0.002172994613647461,0.00013052901384099348,0.0006239175796508789,3.067075946160181e-05,1337,{'model__random_state': 1337},0.5166666666666667,0.48333333333333334,0.43333333333333335,0.5666666666666667,0.48333333333333334,0.48333333333333334,0.4666666666666667,0.55,0.38333333333333336,0.43333333333333335,0.4800000000000001,0.05259911279353167,1,finbert_tone_whole_article_sentiment_df,504,60,30,accuracy,"open,prev_high,prev_low,prev_close,positive,negative,neutral"
0,0.002132892608642578,0.000175903960916493,0.0006185770034790039,3.1231787351008847e-05,1337,{'model__random_state': 1337},0.5166666666666667,0.5,0.5,0.5,0.48333333333333334,0.48333333333333334,0.48333333333333334,0.6,0.5333333333333333,0.4666666666666667,0.5066666666666666,0.03590109871423002,1,bert_topic_article_sentiment_df,504,60,0,accuracy,"open,prev_high,prev_low,prev_close,positive,negative,neutral"
0,0.0021809101104736327,0.00010287534870374648,0.0006398439407348632,5.1996577769222475e-05,1337,{'model__random_state': 1337},0.5166666666666667,0.5,0.48333333333333334,0.55,0.48333333333333334,0.48333333333333334,0.48333333333333334,0.6,0.5166666666666667,0.4666666666666667,0.5083333333333333,0.03818813079129867,1,bert_topic_article_sentiment_df,504,60,5,accuracy,"open,prev_high,prev_low,prev_close,positive,negative,neutral"
0,0.002121257781982422,0.00015534743554009573,0.0006490945816040039,7.873289413207311e-05,1337,{'model__random_state': 1337},0.5166666666666667,0.5,0.4166666666666667,0.5166666666666667,0.48333333333333334,0.48333333333333334,0.4666666666666667,0.6,0.4666666666666667,0.48333333333333334,0.49333333333333335,0.0448454134902457,1,bert_topic_article_sentiment_df,504,60,30,accuracy,"open,prev_high,prev_low,prev_close,positive,negative,neutral"
